{
	"metadata": {
		"name": "FortyTwo default",
		"lastOpened": 1397208393390,
		"created": 1397048928051
	},
	"iconSets": [
		{
			"selection": [
				{
					"id": 29,
					"order": 14,
					"prevSize": 32,
					"code": 58905,
					"name": "status",
					"tempChar": "",
					"ligatures": ""
				},
				{
					"id": 30,
					"order": 13,
					"prevSize": 32,
					"code": 58906,
					"name": "error",
					"tempChar": "",
					"ligatures": ""
				},
				{
					"id": 31,
					"order": 12,
					"prevSize": 32,
					"code": 58907,
					"name": "warning",
					"tempChar": "",
					"ligatures": ""
				}
			],
			"id": 2,
			"metadata": {
				"name": "icomoon"
			},
			"height": 1024,
			"prevSize": 32,
			"icons": [
				{
					"id": 29,
					"paths": [
						"M513.002 28.055c-283.323 0-513.002 229.679-513.002 513.002s229.679 513.002 513.002 513.002 513.002-229.679 513.002-513.002-229.679-513.002-513.002-513.002zM416.814 861.683l-212.415-276.54 94.184-98.192 118.231 150.294 370.724-302.591 46.090 46.090-416.814 480.939z"
					],
					"defaultCode": 58905,
					"grid": 0
				},
				{
					"id": 30,
					"paths": [
						"M513.002 28.055c-283.323 0-513.002 229.679-513.002 513.002s229.679 513.002 513.002 513.002 513.002-229.679 513.002-513.002-229.679-513.002-513.002-513.002zM769.503 375.243l-165.812 165.814 165.812 165.812v90.689h-90.689l-165.812-165.812-165.814 165.812h-90.687v-90.689l165.814-165.812-165.814-165.814v-90.687h90.687l165.814 165.814 165.812-165.814h90.689v90.687z"
					],
					"defaultCode": 58906,
					"grid": 0
				},
				{
					"id": 31,
					"paths": [
						"M1026.004 765.495l-288.564-737.44h-448.877l-288.564 288.564v448.877l288.564 288.564h448.877l288.564-288.564v-448.877l-288.564-288.564zM577.127 861.683h-128.25v-128.25h128.25v128.25zM577.127 605.182h-128.25v-384.751h128.25v384.751z"
					],
					"defaultCode": 58907,
					"grid": 0
				}
			]
		},
		{
			"selection": [
				{
					"id": 11,
					"order": 1,
					"prevSize": 32,
					"code": 57355,
					"name": "checked",
					"tempChar": "",
					"ligatures": ""
				},
				{
					"id": 12,
					"order": 2,
					"prevSize": 32,
					"code": 57356,
					"name": "unchecked",
					"tempChar": "",
					"ligatures": ""
				},
				{
					"id": 13,
					"order": 3,
					"prevSize": 32,
					"code": 57357,
					"name": "checked-dot",
					"tempChar": "",
					"ligatures": ""
				}
			],
			"id": 1,
			"metadata": {
				"name": "icomoon"
			},
			"height": 1024,
			"prevSize": 32,
			"icons": [
				{
					"id": 11,
					"paths": [
						"M452.64 534.208l-100.64-108.352-96 103.392 192 206.752 320-379.072-64-68.928zM768 0h-512c-128 0-256 128-256 256v512c0 128 128 256 256 256h512c128 0 256-128 256-256v-512c0-128-128-256-256-256zM896 704c0 96-96 192-192 192h-384c-96 0-192-96-192-192v-384c0-96 96-192 192-192h384c96 0 192 96 192 192v384z"
					],
					"defaultCode": 57355,
					"grid": 0
				},
				{
					"id": 12,
					"paths": [
						"M128 320c0-96 96-192 192-192h384c96 0 192 96 192 192v384c0 96-96 192-192 192h-384c-96 0-192-96-192-192v-384zM0 256v512c0 128 128 256 256 256h512c128 0 256-128 256-256v-512c0-128-128-256-256-256h-512c-128 0-256 128-256 256z"
					],
					"defaultCode": 57356,
					"grid": 0
				},
				{
					"id": 13,
					"paths": [
						"M128 320c0-96 96-192 192-192h384c96 0 192 96 192 192v384c0 96-96 192-192 192h-384c-96 0-192-96-192-192v-384zM0 256v512c0 128 128 256 256 256h512c128 0 256-128 256-256v-512c0-128-128-256-256-256h-512c-128 0-256 128-256 256zM320 512c0 106.016 85.984 192 192 192s192-85.984 192-192-85.984-192-192-192-192 85.984-192 192z"
					],
					"defaultCode": 57357,
					"grid": 0
				}
			]
		},
		{
			"selection": [
				{
					"id": 18,
					"order": 7,
					"prevSize": 32,
					"code": 58894,
					"name": "arrow-up",
					"tempChar": "",
					"ligatures": ""
				},
				{
					"id": 20,
					"order": 9,
					"prevSize": 32,
					"code": 58896,
					"name": "arrow-down",
					"tempChar": "",
					"ligatures": ""
				},
				{
					"id": 10,
					"order": 4,
					"prevSize": 32,
					"code": 58886,
					"name": "arrow-left",
					"tempChar": "",
					"ligatures": ""
				},
				{
					"id": 19,
					"order": 8,
					"prevSize": 32,
					"code": 58895,
					"name": "arrow-right",
					"tempChar": "",
					"ligatures": ""
				},
				{
					"id": 11,
					"order": 5,
					"prevSize": 32,
					"code": 58887,
					"name": "caret-down",
					"tempChar": "",
					"ligatures": ""
				},
				{
					"id": 12,
					"order": 6,
					"prevSize": 32,
					"code": 58888,
					"name": "caret-up",
					"tempChar": "",
					"ligatures": ""
				},
				{
					"id": 26,
					"order": 10,
					"prevSize": 32,
					"code": 58902,
					"name": "caret-left",
					"tempChar": "",
					"ligatures": ""
				},
				{
					"id": 27,
					"order": 11,
					"prevSize": 32,
					"code": 58903,
					"name": "caret-right",
					"tempChar": "",
					"ligatures": ""
				}
			],
			"id": 0,
			"metadata": {
				"name": "icomoon"
			},
			"height": 1024,
			"prevSize": 32,
			"icons": [
				{
					"id": 18,
					"paths": [
						"M115.826 605.382l333.451-233.256v554.884c0 34.668 28.055 62.923 63.123 62.923h1.202c34.668 0 63.123-28.055 63.123-62.923v-555.285l333.652 233.656 51.501-36.070v-18.236l-437.054-458.896h-23.245l-437.454 458.896v18.236l51.701 36.070z"
					],
					"defaultCode": 58894,
					"grid": 0
				},
				{
					"id": 20,
					"paths": [
						"M910.178 476.731l-333.451 233.256v-554.884c0-34.668-28.055-62.923-63.123-62.923h-1.202c-34.668 0-63.123 28.055-63.123 62.923v555.285l-333.652-233.656-51.501 36.070v18.236l437.054 458.896h23.245l437.454-458.896v-18.236l-51.701-36.070z"
					],
					"defaultCode": 58896,
					"grid": 0
				},
				{
					"id": 10,
					"paths": [
						"M577.328 143.881l-233.256 333.451h554.884c34.668 0 62.923 28.055 62.923 63.123v1.202c0 34.668-28.055 63.123-62.923 63.123h-555.285l233.656 333.652-36.070 51.501h-18.236l-458.896-437.054v-23.245l458.896-437.454h18.236l36.070 51.701z"
					],
					"defaultCode": 58886,
					"grid": 0
				},
				{
					"id": 19,
					"paths": [
						"M448.676 143.881l233.256 333.451h-554.884c-34.668 0-62.923 28.055-62.923 63.123v1.202c0 34.668 28.055 63.123 62.923 63.123h555.285l-233.656 333.652 36.070 51.501h18.236l458.896-437.054v-23.245l-458.896-437.454h-18.236l-36.070 51.701z"
					],
					"defaultCode": 58895,
					"grid": 0
				},
				{
					"id": 11,
					"paths": [
						"M524.625 797.959l436.452-459.097v-18.236l-51.501-36.070-396.575 278.143-396.575-278.143-51.3 36.070v18.236l436.252 459.097h23.245z"
					],
					"defaultCode": 58887,
					"grid": 0
				},
				{
					"id": 12,
					"paths": [
						"M524.625 284.155l436.452 459.097v18.236l-51.501 36.070-396.575-278.143-396.575 278.143-51.3-36.070v-18.236l436.252-459.097h23.245z"
					],
					"defaultCode": 58888,
					"grid": 0
				},
				{
					"id": 26,
					"paths": [
						"M256.1 552.679l459.097 436.452h18.236l36.070-51.501-278.143-396.575 278.143-396.575-36.070-51.3h-18.236l-459.097 436.252v23.245z"
					],
					"defaultCode": 58902,
					"grid": 0
				},
				{
					"id": 27,
					"paths": [
						"M769.904 552.679l-459.097 436.452h-18.236l-36.070-51.501 278.143-396.575-278.143-396.575 36.070-51.3h18.236l459.097 436.252v23.245z"
					],
					"defaultCode": 58903,
					"grid": 0
				}
			]
		}
	],
	"preferences": {
		"showGlyphs": true,
		"showQuickUse": true,
		"fontPref": {
			"prefix": "icon-",
			"metadata": {
				"fontFamily": "icomoon"
			},
			"metrics": {
				"emSize": 512,
				"baseline": 6.25,
				"whitespace": 50
			}
		},
		"imagePref": {},
		"historySize": 100,
		"showCodes": true,
		"search": ""
	},
	"externalSets": []
}